phenomenonTime,sensor,trackId,bearingTrue,bearingStdDev,sensorLat,sensorLon,classification
2026-03-04T18:22:17.552Z,AZ-MA-1,1,291.29,3.99,31.6490196,-110.2758537,UAS
2026-03-04T18:22:22.552Z,AZ-MA-1,1,289.57,3.97,31.6490196,-110.2758537,UAS
2026-03-04T18:22:27.552Z,AZ-MA-1,1,291.6,3.96,31.6490196,-110.2758537,UAS
2026-03-04T18:22:32.552Z,AZ-MA-1,1,291.64,3.94,31.6490196,-110.2758537,UAS
2026-03-04T18:22:37.552Z,AZ-MA-1,1,291.17,3.93,31.6490196,-110.2758537,UAS
2026-03-04T18:22:42.552Z,AZ-MA-1,1,290.0,3.91,31.6490196,-110.2758537,UAS
2026-03-04T18:22:47.552Z,AZ-MA-1,1,291.2,3.9,31.6490196,-110.2758537,UAS
2026-03-04T18:22:52.552Z,AZ-MA-1,1,291.56,3.88,31.6490196,-110.2758537,UAS
2026-03-04T18:22:57.552Z,AZ-MA-1,1,291.25,3.87,31.6490196,-110.2758537,UAS
2026-03-04T18:23:02.552Z,AZ-MA-1,1,293.21,3.85,31.6490196,-110.2758537,UAS
2026-03-04T18:23:07.552Z,AZ-MA-1,1,291.15,3.84,31.6490196,-110.2758537,UAS
2026-03-04T18:23:12.552Z,AZ-MA-1,1,293.0,3.82,31.6490196,-110.2758537,UAS
2026-03-04T18:23:17.552Z,AZ-MA-1,1,293.57,3.81,31.6490196,-110.2758537,UAS
2026-03-04T18:23:22.552Z,AZ-MA-1,1,292.29,3.79,31.6490196,-110.2758537,UAS
2026-03-04T18:23:27.552Z,AZ-MA-1,1,291.34,3.78,31.6490196,-110.2758537,UAS
2026-03-04T18:23:32.552Z,AZ-MA-1,1,292.39,3.77,31.6490196,-110.2758537,UAS
2026-03-04T18:23:37.552Z,AZ-MA-1,1,294.71,3.75,31.6490196,-110.2758537,UAS
2026-03-04T18:23:42.552Z,AZ-MA-1,1,294.67,3.74,31.6490196,-110.2758537,UAS
2026-03-04T18:23:47.552Z,AZ-MA-1,1,292.86,3.72,31.6490196,-110.2758537,UAS
2026-03-04T18:23:52.552Z,AZ-MA-1,1,294.5,3.71,31.6490196,-110.2758537,UAS
2026-03-04T18:23:57.552Z,AZ-MA-1,1,293.83,3.69,31.6490196,-110.2758537,UAS
2026-03-04T18:24:02.552Z,AZ-MA-1,1,292.11,3.68,31.6490196,-110.2758537,UAS
2026-03-04T18:24:07.552Z,AZ-MA-1,1,292.18,3.66,31.6490196,-110.2758537,UAS
2026-03-04T18:24:12.552Z,AZ-MA-1,1,292.42,3.65,31.6490196,-110.2758537,UAS
2026-03-04T18:24:17.552Z,AZ-MA-1,1,293.16,3.63,31.6490196,-110.2758537,UAS
2026-03-04T18:24:22.552Z,AZ-MA-1,1,295.04,3.62,31.6490196,-110.2758537,UAS
2026-03-04T18:24:27.552Z,AZ-MA-1,1,294.84,3.61,31.6490196,-110.2758537,UAS
2026-03-04T18:24:32.552Z,AZ-MA-1,1,296.2,3.59,31.6490196,-110.2758537,UAS
2026-03-04T18:24:37.552Z,AZ-MA-1,1,295.02,3.58,31.6490196,-110.2758537,UAS
2026-03-04T18:24:42.552Z,AZ-MA-1,1,293.83,3.56,31.6490196,-110.2758537,UAS
2026-03-04T18:26:02.562Z,AZ-MA-2,1,274.89,4.0,31.6569236,-110.2659979,UAS
2026-03-04T18:26:07.561Z,AZ-MA-2,1,272.27,3.98,31.6569236,-110.2659979,UAS
2026-03-04T18:26:12.561Z,AZ-MA-2,1,276.35,3.96,31.6569236,-110.2659979,UAS
2026-03-04T18:26:17.562Z,AZ-MA-2,1,274.95,3.95,31.6569236,-110.2659979,UAS
2026-03-04T18:26:22.561Z,AZ-MA-2,1,274.5,3.93,31.6569236,-110.2659979,UAS
2026-03-04T18:26:27.561Z,AZ-MA-2,1,275.15,3.91,31.6569236,-110.2659979,UAS
2026-03-04T18:26:32.562Z,AZ-MA-2,1,274.2,3.9,31.6569236,-110.2659979,UAS
2026-03-04T18:26:37.561Z,AZ-MA-2,1,274.24,3.88,31.6569236,-110.2659979,UAS
2026-03-04T18:26:42.561Z,AZ-MA-2,1,274.2,3.86,31.6569236,-110.2659979,UAS
2026-03-04T18:26:47.561Z,AZ-MA-2,1,273.68,3.85,31.6569236,-110.2659979,UAS
2026-03-04T18:26:52.562Z,AZ-MA-2,1,275.52,3.83,31.6569236,-110.2659979,UAS
2026-03-04T18:26:57.561Z,AZ-MA-2,1,277.28,3.82,31.6569236,-110.2659979,UAS
2026-03-04T18:27:02.588Z,AZ-MA-2,1,274.79,3.8,31.6569236,-110.2659979,UAS
2026-03-04T18:27:07.562Z,AZ-MA-2,1,273.82,3.78,31.6569236,-110.2659979,UAS
2026-03-04T18:27:12.629Z,AZ-MA-2,1,274.68,3.77,31.6569236,-110.2659979,UAS
2026-03-04T18:27:17.562Z,AZ-MA-2,1,273.02,3.75,31.6569236,-110.2659979,UAS
2026-03-04T18:27:22.562Z,AZ-MA-2,1,273.66,3.73,31.6569236,-110.2659979,UAS
2026-03-04T18:27:27.561Z,AZ-MA-2,1,276.77,3.72,31.6569236,-110.2659979,UAS
2026-03-04T18:27:32.562Z,AZ-MA-2,1,275.3,3.7,31.6569236,-110.2659979,UAS
2026-03-04T18:27:37.562Z,AZ-MA-2,1,274.88,3.68,31.6569236,-110.2659979,UAS
2026-03-04T18:27:42.562Z,AZ-MA-2,1,274.43,3.67,31.6569236,-110.2659979,UAS
2026-03-04T18:27:47.562Z,AZ-MA-2,1,277.92,3.65,31.6569236,-110.2659979,UAS
2026-03-04T18:27:52.562Z,AZ-MA-2,1,275.44,3.64,31.6569236,-110.2659979,UAS
2026-03-04T18:27:57.562Z,AZ-MA-2,1,275.57,3.62,31.6569236,-110.2659979,UAS
2026-03-04T18:28:02.563Z,AZ-MA-2,1,275.83,3.6,31.6569236,-110.2659979,UAS
2026-03-04T18:28:07.562Z,AZ-MA-2,1,274.56,3.59,31.6569236,-110.2659979,UAS
2026-03-04T18:28:12.563Z,AZ-MA-2,1,275.19,3.57,31.6569236,-110.2659979,UAS
2026-03-04T18:28:17.561Z,AZ-MA-2,1,278.09,3.55,31.6569236,-110.2659979,UAS
2026-03-04T18:28:22.562Z,AZ-MA-2,1,277.33,3.54,31.6569236,-110.2659979,UAS
2026-03-04T18:28:27.561Z,AZ-MA-2,1,274.92,3.52,31.6569236,-110.2659979,UAS
